"Status","Start Time","Stop Time","Duration in ms","Parent Suite","Suite","Sub Suite","Test Class","Test Method","Name","Description"
"passed","Thu Sep 10 11:06:15 UTC 2020","Thu Sep 10 11:06:28 UTC 2020","12872","","Paid blocks","","Paid blocks","MailChimp Block","MailChimp Block",""
"passed","Thu Sep 10 11:11:13 UTC 2020","Thu Sep 10 11:11:18 UTC 2020","4399","","Jetpack pre-connection","","Jetpack pre-connection","Can find connect button on plugins page","Can find connect button on plugins page",""
"passed","Thu Sep 10 11:06:28 UTC 2020","Thu Sep 10 11:06:35 UTC 2020","7357","","Paid blocks","","Paid blocks","Pay with PayPal","Pay with PayPal",""
"passed","Thu Sep 10 11:11:18 UTC 2020","Thu Sep 10 11:11:18 UTC 2020","687","","Jetpack pre-connection","","Jetpack pre-connection","Can find connect button on dashboard page","Can find connect button on dashboard page",""
"passed","Thu Sep 10 11:08:07 UTC 2020","Thu Sep 10 11:09:17 UTC 2020","69930","","Jetpack updater","","Jetpack updater","Plugin updater","Plugin updater",""
"passed","Thu Sep 10 11:11:37 UTC 2020","Thu Sep 10 11:11:53 UTC 2020","15915","","Connection","","Connection","In-place","In-place",""
"passed","Thu Sep 10 11:11:18 UTC 2020","Thu Sep 10 11:11:19 UTC 2020","881","","Jetpack pre-connection","","Jetpack pre-connection","Can find connect button on Jetpack page","Can find connect button on Jetpack page",""
"passed","Thu Sep 10 11:07:15 UTC 2020","Thu Sep 10 11:07:21 UTC 2020","6560","","Free blocks","","Free blocks","Pinterest block","Pinterest block",""
"passed","Thu Sep 10 11:06:35 UTC 2020","Thu Sep 10 11:06:40 UTC 2020","4420","","Paid blocks","","Paid blocks","WordAds block","WordAds block",""
"passed","Thu Sep 10 11:07:21 UTC 2020","Thu Sep 10 11:07:28 UTC 2020","6549","","Free blocks","","Free blocks","Eventbrite block","Eventbrite block",""
